Fabaceae,Abrus,Abrus canescens ,Welw. ex Baker,Abrus canescens Baker,SPECIES,Fabaceae,Abrus canescens,100,EXACT
Fabaceae,Abrus,Abrus precatorius , L.,Abrus precatorius L.,SPECIES,Fabaceae,Abrus precatorius,100,EXACT
Fabaceae,Abrus,Abrus pulchellus ,Wall. ex Thw.,Abrus pulchellus Thwaites,SPECIES,Fabaceae,Abrus pulchellus,100,EXACT
Fabaceae,Acacia,Acacia albida ,Delile,Acacia albida Delile,SPECIES,Fabaceae,Acacia albida,100,EXACT
Fabaceae,Acacia,Acacia ataxacantha ,DC.,Acacia ataxacantha DC.,SPECIES,Fabaceae,Acacia ataxacantha,100,EXACT
Fabaceae,Acacia,Acacia auriculiformis ,A. Cunn. ex Benth.,Acacia auriculiformis Benth.,SPECIES,Fabaceae,Acacia auriculiformis,100,EXACT
Fabaceae,Acacia,Acacia dudgeoni ,Craib,Acacia dudgeoni Holland,SPECIES,Fabaceae,Acacia dudgeoni,100,EXACT
Fabaceae,Acacia,Acacia erythrocalyx ,Brenan,Acacia erythrocalyx Brenan,SPECIES,Fabaceae,Acacia erythrocalyx,100,EXACT
Fabaceae,Acacia,Acacia farnesiana ,(L.) Willd.,Acacia farnesiana (L.) Willd.,SPECIES,Fabaceae,Acacia farnesiana,100,EXACT
Fabaceae,Acacia,Acacia gourmaensis ,A. Chev.,Acacia gourmaensis A.Chev.,SPECIES,Fabaceae,Acacia gourmaensis,100,EXACT
Fabaceae,Acacia,Acacia hockii ,De Wild.,Acacia hockii De Wild.,SPECIES,Fabaceae,Acacia hockii,100,EXACT
Fabaceae,Acacia,Acacia macrostachya ,Rchb. ex Benth.,Acacia macrostachya DC.,SPECIES,Fabaceae,Acacia macrostachya,100,EXACT
Fabaceae,Acacia,Acacia nilotica (L.) Willd. ex Del. var. adansonii,,Acacia nilotica (L.) Delile,SPECIES,Fabaceae,Acacia nilotica,100,EXACT
Fabaceae,Acacia,Acacia polyacantha ,(Hochst ex A.Rich) Brenan,Acacia polyacantha Willd.,SPECIES,Fabaceae,Acacia polyacantha,100,EXACT
Fabaceae,Acacia,Acacia senegal ,(Linn.) Willd.,Acacia senegal (L.) Willd.,SPECIES,Fabaceae,Acacia senegal,100,EXACT
Fabaceae,Acacia,Acacia sieberiana ,DC.,Acacia sieberiana DC.,SPECIES,Fabaceae,Acacia sieberiana,100,EXACT
Fabaceae,Acacia,Acacia sieberiana DC. var. villosa ,A. Chev.,Acacia sieberiana DC.,SPECIES,Fabaceae,Acacia sieberiana,100,EXACT
Fabaceae,Acaia,Acaia kamerunensis ,Gand,Acacia kamerunensis Gand.,SPECIES,Fabaceae,Acacia kamerunensis,92,FUZZY
Fabaceae,Adenodolichos,Adenodolichos paniculatus, (Hua) Hutch. & Dalziel,Adenodolichos paniculatus (Hua) Hutch.,SPECIES,Fabaceae,Adenodolichos paniculatus,100,EXACT
Fabaceae,Aeschynomene,Aeschynomene nilotica ,Taub.,Aeschynomene nilotica Taub.,SPECIES,Fabaceae,Aeschynomene nilotica,100,EXACT
Fabaceae,Aeschynomene,Aeschynomene afraspera ,J. Léonard,Aeschynomene afraspera J.Leonard,SPECIES,Fabaceae,Aeschynomene afraspera,100,EXACT
Fabaceae,Aeschynomene,Aeschynomene indica ,L.,Aeschynomene indica L.,SPECIES,Fabaceae,Aeschynomene indica,100,EXACT
Fabaceae,Aeschynomene,Aeschynomene kerstingii ,Harms,Aeschynomene kerstingii Harms,SPECIES,Fabaceae,Aeschynomene kerstingii,100,EXACT
Fabaceae,Aeschynomene,Aeschynomene lateritia ,Harms,Aeschynomene lateritia Harms,SPECIES,Fabaceae,Aeschynomene lateritia,100,EXACT
Fabaceae,Aeschynomene,Aeschynomene pulchella ,Planch. ex Bak.,Aeschynomene pulchella Baker,SPECIES,Fabaceae,Aeschynomene pulchella,100,EXACT
Fabaceae,Afzelia ,Afzelia africana ,Sm.,Afzelia africana Pers.,SPECIES,Fabaceae,Afzelia africana,100,EXACT
Fabaceae,Afzelia ,Afzelia bella ,Harms,Afzelia bella Harms,SPECIES,Fabaceae,Afzelia bella,100,EXACT
Fabaceae,Aganope,Aganope gabonica ,(Baill.) Polhill,Aganope gabonica (Baill.) Polhill,SPECIES,Fabaceae,Aganope gabonica,100,EXACT
Fabaceae,Albizia,Albizia adianthifolia ,(Schum.) W.F.Wight,Albizia adianthifolia (Schum.) W.Wight,SPECIES,Asteraceae,Albizia adianthifolia,100,EXACT
Fabaceae,Albizia,Albizia coriaria ,Welw. ex Oliv.,Albizia coriaria Oliv.,SPECIES,Asteraceae,Albizia coriaria,100,EXACT
Fabaceae,Albizia,Albizia ferruginea ,(Guill. & Perr.) Benth.,Albizia ferruginea (Guill. & Perr.) Benth.,SPECIES,Asteraceae,Albizia ferruginea,100,EXACT
Fabaceae,Albizia,Albizia lebbeck ,(L.) Benth.,Albizia lebbeck (L.) Benth.,SPECIES,Asteraceae,Albizia lebbeck,100,EXACT
Fabaceae,Albizia,Albizia zygia, (DC.) J.F.Macbr.,Albizia zygia (DC.) J.F.Macbr.,SPECIES,Asteraceae,Albizia zygia,100,EXACT
Fabaceae,Albizia ,Albizia chinensis ,(Osb.)Merrill,Albizia chinensis (Osbeck) Merr.,SPECIES,Asteraceae,Albizia chinensis,100,EXACT
Fabaceae,Alysicarpus ,Alysicarpus glumaceus ,(Vahl) DC.,Alysicarpus glumaceus (Vahl) DC.,SPECIES,Fabaceae,Alysicarpus glumaceus,100,EXACT
Fabaceae,Alysicarpus ,Alysicarpus ovalifolius ,(Schum.) J.Léonard,Alysicarpus ovalifolius (Schum.) Leonard,SPECIES,Fabaceae,Alysicarpus ovalifolius,100,EXACT
Fabaceae,Alysicarpus ,Alysicarpus rugosus ,(Willd.) DC.,Alysicarpus rugosus (Willd.) DC.,SPECIES,Fabaceae,Alysicarpus rugosus,100,EXACT
Fabaceae,Amphimas ,Amphimas pterocarpoides ,Harms,Amphimas pterocarpoides Harms,SPECIES,Fabaceae,Amphimas pterocarpoides,100,EXACT
Fabaceae,Arachis ,Arachis hypogaea, L.,Arachis hypogaea L.,SPECIES,Fabaceae,Arachis hypogaea,100,EXACT
Fabaceae,Aubrevillea,Aubrevillea kerstingii ,(Harms) Pellegr.,Aubrevillea kerstingii (Harms) Pellegr.,SPECIES,Fabaceae,Aubrevillea kerstingii,100,EXACT
Fabaceae,Baphia,Baphia nitida ,Lodd.,Baphia nitida Lodd.,SPECIES,Fabaceae,Baphia nitida,100,EXACT
Fabaceae,Baphia,Baphia pubescens ,Hook.f.,Baphia pubescens Hook.f.,SPECIES,Fabaceae,Baphia pubescens,100,EXACT
Fabaceae,Bauhinia ,Bauhinia acuminata ,L.,Bauhinia acuminata L.,SPECIES,Fabaceae,Bauhinia acuminata,100,EXACT
Fabaceae,Bauhinia ,Bauhinia monandra,Kurz.,Bauhinia monandra Kurz,SPECIES,Fabaceae,Bauhinia monandra,100,EXACT
Fabaceae,Bauhinia ,Bauhinia rufescens ,Lam.,Bauhinia rufescens Lam.,SPECIES,Fabaceae,Bauhinia rufescens,100,EXACT
Fabaceae,Bauhinia ,Bauhinia tomentosa ,L.,Bauhinia tomentosa L.,SPECIES,Fabaceae,Bauhinia tomentosa,100,EXACT
Fabaceae,Berlinia,Berlinia grandiflora ,(Vahl) Hutch. & Dalziel,Berlinia grandiflora (Vahl) Hutch. & Dalziel,SPECIES,Fabaceae,Berlinia grandiflora,100,EXACT
Fabaceae,Burkea ,Burkea africana, Benth.,Burkea africana Hook.,SPECIES,Fabaceae,Burkea africana,100,EXACT
Fabaceae,Burkea ,Burkea africana ,Hook.F.,Burkea africana Hook.,SPECIES,Fabaceae,Burkea africana,100,EXACT
Fabaceae,Cacia,Cacia surttensis ,N.L. Burman,"Cacia Newman, 1842",GENUS,Cerambycidae,Cacia,96,HIGHERRANK
Fabaceae,Caesalpinia ,Caesalpinia benthamiana ,Baill.,Caesalpinia benthamiana (Baill.) Herend. & Zarucchi,SPECIES,Fabaceae,Caesalpinia benthamiana,100,EXACT
Fabaceae,Caesalpinia ,Caesalpinia bonduc ,(L.) Roxb.,Caesalpinia bonduc (L.) Roxb.,SPECIES,Fabaceae,Caesalpinia bonduc,100,EXACT
Fabaceae,Caesalpinia ,Caesalpinia pulcherrima ,(L.) Sw.,Caesalpinia pulcherrima (L.) Sw.,SPECIES,Fabaceae,Caesalpinia pulcherrima,100,EXACT
Fabaceae,Cajanus ,Cajanus cajan ,(L.) Millsp.,Cajanus cajan (L.) Millsp.,SPECIES,Fabaceae,Cajanus cajan,100,EXACT
Fabaceae,Calliandra,Calliandra portoricensis ,(Jacq.)Benth.,Calliandra portoricensis (Jacq.) Benth.,SPECIES,Fabaceae,Calliandra portoricensis,100,EXACT
Fabaceae,Calopogonium,Calopogonium muconoides ,Desv.,Calopogonium mucunoides Desv.,SPECIES,Fabaceae,Calopogonium mucunoides,95,FUZZY
Fabaceae,Canavalia,Canavalia ensiformis ,(L.) DC.,Canavalia ensiformis (L.) DC.,SPECIES,Fabaceae,Canavalia ensiformis,100,EXACT
Fabaceae,Canavalia,Canavalia rosea ,(Sw.) DC.,Canavalia rosea (Sw.) DC.,SPECIES,Fabaceae,Canavalia rosea,100,EXACT
Fabaceae,Canavalia,Canavalia virosa ,(Roxb.) Wight & Arn.,Canavalia virosa (Roxb.) Wight & Arn.,SPECIES,Fabaceae,Canavalia virosa,100,EXACT
Fabaceae,Cassia ,Cassia fistula ,L.,Cassia fistula L.,SPECIES,Fabaceae,Cassia fistula,100,EXACT
Fabaceae,Cassia ,Cassia hirsuta,L.,Cassia hirsuta L.,SPECIES,Fabaceae,Cassia hirsuta,100,EXACT
Fabaceae,Cassia ,Cassia laevigata ,Willd.,"Cassia laevigata sensu Prain, non Willd.",SPECIES,Fabaceae,Cassia laevigata,100,EXACT
Fabaceae,Cassia ,Cassia podocarpa ,Guill. & Perr.,Cassia podocarpa Guill. & Perr.,SPECIES,Fabaceae,Cassia podocarpa,100,EXACT
Fabaceae,Cassia ,Cassia senna ,L.,Cassia senna L.,SPECIES,Fabaceae,Cassia senna,100,EXACT
Fabaceae,Cassia ,Cassia sieberiana ,DC.,Cassia sieberiana DC.,SPECIES,Fabaceae,Cassia sieberiana,100,EXACT
Fabaceae,Cassia ,Cassia sophera ,L.,Cassia sophera L.,SPECIES,Fabaceae,Cassia sophera,99,EXACT
Fabaceae,Cathormion,Cathormion altissimum, (Hook.f.) Hutch. & Dandy,Cathormion altissimum (Hook.f.) Hutch. & Dandy,SPECIES,Asteraceae,Cathormion altissimum,100,EXACT
Fabaceae,Centrosema ,Centrosema pubescens, Benth.,Centrosema pubescens Benth.,SPECIES,Fabaceae,Centrosema pubescens,100,EXACT
Fabaceae,Chamaecrista ,Chamaecrista nigricans ,(Vahl) Greene,Chamaecrista nigricans (Vahl) Greene,SPECIES,Fabaceae,Chamaecrista nigricans,100,EXACT
Fabaceae,Chamaecrista ,Chamaecrista absus, (L.) Irwin & Barneby,Chamaecrista absus (L.) H.S.Irwin & Barneby,SPECIES,Fabaceae,Chamaecrista absus,100,EXACT
Fabaceae,Chamaecrista ,Chamaecrista kirkii, (Oliv.) Standl.,Chamaecrista kirkii (Oliv.) Standl.,SPECIES,Fabaceae,Chamaecrista kirkii,100,EXACT
Fabaceae,Chamaecrista ,Chamaecrista mimosoides ,(L.) Greene,Chamaecrista mimosoides (L.) Greene,SPECIES,Fabaceae,Chamaecrista mimosoides,100,EXACT
Fabaceae,Chamaecrista ,Chamaecrista rotundifolia ,(Pers.) Greene,Chamaecrista rotundifolia (Pers.) Greene,SPECIES,Fabaceae,Chamaecrista rotundifolia,100,EXACT
Fabaceae,Chamaecrista ,Clitoria rubiginosa ,Juss. ex Pers.,Clitoria rubiginosa Pers.,SPECIES,Fabaceae,Clitoria rubiginosa,100,EXACT
Fabaceae,Chamaecrista ,Clitoria ternatea ,L.,Clitoria ternatea L.,SPECIES,Fabaceae,Clitoria ternatea,100,EXACT
Fabaceae,Crotalaria,Crotalaria cephalotes ,Steud.,Crotalaria cephalotes A.Rich.,SPECIES,Fabaceae,Crotalaria cephalotes,100,EXACT
Fabaceae,Crotalaria,Crotalaria hysopifolia ,Klotzsch,Crotalaria hyssopifolia Klotzsch,SPECIES,Fabaceae,Crotalaria hyssopifolia,93,FUZZY
Fabaceae,Crotalaria,Crotalaria occidentalis ,Hepper.,Crotalaria occidentalis Hepper,SPECIES,Fabaceae,Crotalaria occidentalis,100,EXACT
Fabaceae,Crotalaria,Crotalaria calycina ,Schrank,Crotalaria calycina Schrank,SPECIES,Fabaceae,Crotalaria calycina,100,EXACT
Fabaceae,Crotalaria,Crotalaria cleomifolia ,Welw. ex Baker,Crotalaria cleomifolia Baker,SPECIES,Fabaceae,Crotalaria cleomifolia,100,EXACT
Fabaceae,Crotalaria,Crotalaria comosa ,Bak.,Crotalaria comosa Baker,SPECIES,Fabaceae,Crotalaria comosa,100,EXACT
Fabaceae,Crotalaria,Crotalaria confusa ,Hepper,Crotalaria confusa Hepper,SPECIES,Fabaceae,Crotalaria confusa,100,EXACT
Fabaceae,Crotalaria,Crotalaria cylindrocarpa ,DC.,Crotalaria cylindrocarpa DC.,SPECIES,Fabaceae,Crotalaria cylindrocarpa,100,EXACT
Fabaceae,Crotalaria,Crotalaria doniana ,Baker,Crotalaria doniana Baker,SPECIES,Fabaceae,Crotalaria doniana,100,EXACT
Fabaceae,Crotalaria,Crotalaria glauca ,Willd.,Crotalaria glauca Willd.,SPECIES,Fabaceae,Crotalaria glauca,100,EXACT
Fabaceae,Crotalaria,Crotalaria goreensis ,Garay & Taylor,Crotalaria goreensis Guill. & Perr.,SPECIES,Fabaceae,Crotalaria goreensis,100,EXACT
Fabaceae,Crotalaria,Crotalaria graminicola ,Taub.,Crotalaria graminicola Baker f.,SPECIES,Fabaceae,Crotalaria graminicola,100,EXACT
Fabaceae,Crotalaria,Crotalaria juncea ,L.,Crotalaria juncea L.,SPECIES,Fabaceae,Crotalaria juncea,100,EXACT
Fabaceae,Crotalaria,Crotalaria lachnophora ,Hochst. ex A.Rich.,Crotalaria lachnophora A.Rich.,SPECIES,Fabaceae,Crotalaria lachnophora,100,EXACT
Fabaceae,Crotalaria,Crotalaria lachnosema ,Stapf,Crotalaria lachnosema Stapf,SPECIES,Fabaceae,Crotalaria lachnosema,100,EXACT
Fabaceae,Crotalaria,Crotalaria leprieurii ,Guill. & Perr.,Crotalaria leprieurii Guill. & Perr.,SPECIES,Fabaceae,Crotalaria leprieurii,100,EXACT
Fabaceae,Crotalaria,Crotalaria macrocalyx ,Benth.,Crotalaria macrocalyx Benth.,SPECIES,Fabaceae,Crotalaria macrocalyx,100,EXACT
Fabaceae,Crotalaria,Crotalaria microcarpa ,Hochst. ex Benth.,Crotalaria microcarpa Benth.,SPECIES,Fabaceae,Crotalaria microcarpa,100,EXACT
Fabaceae,Crotalaria,Crotalaria mortonii ,Hepper,Crotalaria mortonii Hepper,SPECIES,Fabaceae,Crotalaria mortonii,100,EXACT
Fabaceae,Crotalaria,Crotalaria naragutensis ,Hutch.,Crotalaria naragutensis Hutch.,SPECIES,Fabaceae,Crotalaria naragutensis,100,EXACT
Fabaceae,Crotalaria,Crotalaria pallida Ait. var. obovata, (G. Don) Polhill,Crotalaria pallida Aiton,SPECIES,Fabaceae,Crotalaria pallida,100,EXACT
Fabaceae,Crotalaria,Crotalaria perrottetii, D.C.,Crotalaria perrottetii DC.,SPECIES,Fabaceae,Crotalaria perrottetii,100,EXACT
Fabaceae,Crotalaria,Crotalaria polygaloides ,Welw. ex Baker,Crotalaria polygaloides Baker,SPECIES,Fabaceae,Crotalaria polygaloides,100,EXACT
Fabaceae,Crotalaria,Crotalaria retusa ,L.,Crotalaria retusa L.,SPECIES,Fabaceae,Crotalaria retusa,100,EXACT
Fabaceae,Cynometra ,Cynometra megalophylla ,Harms,Cynometra megalophylla Harms,SPECIES,Fabaceae,Cynometra megalophylla,100,EXACT
Fabaceae,Dalbergia,Dalbergia oblongifolia ,G. Don,Dalbergia oblongifolia G.Don,SPECIES,Fabaceae,Dalbergia oblongifolia,100,EXACT
Fabaceae,Dalbergia,Dalbergia rufa ,G. Don,Dalbergia rufa G.Don,SPECIES,Fabaceae,Dalbergia rufa,100,EXACT
Fabaceae,Dalbergia ,Dalbergia afzeliana ,D.Don,Dalbergia afzeliana G.Don,SPECIES,Fabaceae,Dalbergia afzeliana,100,EXACT
Fabaceae,Dalbergia ,Dalbergia bignonae ,Berhaut,Dalbergia bignonae Berhaut,SPECIES,Fabaceae,Dalbergia bignonae,100,EXACT
Fabaceae,Dalbergia ,Dalbergia dalzielii ,Baker f.,Dalbergia dalzielii Hutch. & Dalziel,SPECIES,Fabaceae,Dalbergia dalzielii,100,EXACT
Fabaceae,Dalbergia ,Dalbergia ecastaphyllum ,(L.) Taub.,Dalbergia ecastaphyllum (L.) Taub.,SPECIES,Fabaceae,Dalbergia ecastaphyllum,100,EXACT
Fabaceae,Dalbergia ,Dalbergia hostilis ,Benth.,Dalbergia hostilis Benth.,SPECIES,Fabaceae,Dalbergia hostilis,100,EXACT
Fabaceae,Dalbergia ,Dalbergia saxatilis ,Hook. f.,Dalbergia saxatilis Hook.f.,SPECIES,Fabaceae,Dalbergia saxatilis,100,EXACT
Fabaceae,Dalbergia ,Dalbergia sissoo ,Roxb.,Dalbergia sissoo DC.,SPECIES,Fabaceae,Dalbergia sissoo,100,EXACT
Fabaceae,Dalbergiella,Dalbergiella welwitschii ,(Bak.)Bak.F.,Dalbergiella welwitschii (Baker) Baker f.,SPECIES,Fabaceae,Dalbergiella welwitschii,100,EXACT
Fabaceae,Daniellia,Daniellia oliveri, (Rolfe) Hutch. & Dalziel,Daniellia oliveri (Rolfe) Hutch. & Dalziel,SPECIES,Fabaceae,Daniellia oliveri,100,EXACT
Fabaceae,Daniellia ,Daniellia ogea ,(Harms) Rolfe ex Holl,Daniellia ogea (Harms) Holland,SPECIES,Fabaceae,Daniellia ogea,100,EXACT
Fabaceae,Daniellia ,Daniellia thurifera  ,Benn,Daniellia thurifera Benn.,SPECIES,Fabaceae,Daniellia thurifera,100,EXACT
Fabaceae,Delonix,Delonix regia,( Boj. Ex Hook.) Raf.,Delonix regia (Hook.) Raf.,SPECIES,Fabaceae,Delonix regia,100,EXACT
Fabaceae,Desmodium,Desmodium distortum ,(Aubl.) JF Macbr.,Desmodium distortum (Aubl.) J.F.Macbr.,SPECIES,Fabaceae,Desmodium distortum,100,EXACT
Fabaceae,Desmodium ,Desmodium adscendens (Sw.) DC. var. adscendens,,Desmodium adscendens (Sw.) DC.,SPECIES,Fabaceae,Desmodium adscendens,100,EXACT
Fabaceae,Desmodium ,Desmodium canum ,(J.F.Gmel.) Schum. & Thonn.,Desmodium canum (J.F.Gmel.) Schinz & Thell.,SPECIES,Fabaceae,Desmodium canum,100,EXACT
Fabaceae,Desmodium ,Desmodium gangeticum (L.) DC. var. maculatum, (L.) Bak.,Desmodium gangeticum (L.) DC.,SPECIES,Fabaceae,Desmodium gangeticum,100,EXACT
Fabaceae,Desmodium ,Desmodium hirtum ,Guill. & Perr.,Desmodium hirtum Guill. & Perr.,SPECIES,Fabaceae,Desmodium hirtum,100,EXACT
Fabaceae,Desmodium ,Desmodium ramosissimum ,G.Don,Desmodium ramosissimum G.Don,SPECIES,Fabaceae,Desmodium ramosissimum,100,EXACT
Fabaceae,Desmodium ,Desmodium salicifolium ,(Poir.) DC.,Desmodium salicifolium (Poir.) DC.,SPECIES,Fabaceae,Desmodium salicifolium,100,EXACT
Fabaceae,Desmodium ,Desmodium scorpiurus ,(Sw.) DC.,Desmodium scorpiurus (Sw.) Desv.,SPECIES,Fabaceae,Desmodium scorpiurus,100,EXACT
Fabaceae,Desmodium ,Desmodium tortuosum ,(Sw.) DC.,Desmodium tortuosum (Sw.) DC.,SPECIES,Fabaceae,Desmodium tortuosum,100,EXACT
Fabaceae,Desmodium ,Desmodium triflorum ,(L.) DC.,Desmodium triflorum (L.) DC.,SPECIES,Fabaceae,Desmodium triflorum,100,EXACT
Fabaceae,Desmodium ,Desmodium velutinum, (Willd.) DC.,Desmodium velutinum (Willd.) DC.,SPECIES,Fabaceae,Desmodium velutinum,100,EXACT
Fabaceae,Detarium,Detarium senegalense ,JL Gmel.,Detarium senegalense J.F.Gmel.,SPECIES,Fabaceae,Detarium senegalense,100,EXACT
Fabaceae,Detarium ,Detarium microcarpum ,Guill. & Perr.,Detarium microcarpum Guill. & Perr.,SPECIES,Fabaceae,Detarium microcarpum,100,EXACT
Fabaceae,Dialium,Dialium guineense ,Willd.,Dialium guineense Willd.,SPECIES,Fabaceae,Dialium guineense,100,EXACT
Fabaceae,Dichrostachys,Dichrostachys cinerea ,(L.) Wight& Am. Subsp. Cinerea,Dichrostachys cinerea (L.) Wight & Arn.,SPECIES,Fabaceae,Dichrostachys cinerea,100,EXACT
Fabaceae,Dichrostachys ,Dichrostachys cinerea ,(L.) Wight & Arn.,Dichrostachys cinerea (L.) Wight & Arn.,SPECIES,Fabaceae,Dichrostachys cinerea,100,EXACT
Fabaceae,Dioclea,Dioclea reflexa ,Hook.f.,Dioclea reflexa Hook.f.,SPECIES,Fabaceae,Dioclea reflexa,100,EXACT
Fabaceae,Distemonanthus,Distemonanthus benthamianus ,Baill.,Distemonanthus benthamianus Baill.,SPECIES,Fabaceae,Distemonanthus benthamianus,100,EXACT
Fabaceae,Dolichos ,Dolichos grandistipulatus ,Harms,Dolichos grandistipulatus Harms,SPECIES,Fabaceae,Dolichos grandistipulatus,100,EXACT
Fabaceae,Drepanocarpus,Drepanocarpus lunatus ,(L.f.) G.Mey.,Drepanocarpus lunatus (L.f.) G.Mey.,SPECIES,Fabaceae,Drepanocarpus lunatus,100,EXACT
Fabaceae,Entada ,Entada mannii ,(Oliv.) Tisserant,Entada mannii (Oliv.) Tisser.,SPECIES,Fabaceae,Entada mannii,100,EXACT
Fabaceae,Entada ,Entada rheedei ,Spreng.,Entada rheedei Spreng.,SPECIES,Fabaceae,Entada rheedei,99,EXACT
Fabaceae,Entada ,Entada abyssinica ,Steud. ex A.Rich.,Entada abyssinica A.Rich.,SPECIES,Fabaceae,Entada abyssinica,100,EXACT
Fabaceae,Entada ,Entada africana ,Guill. & Perr.,Entada africana Guill. & Perr.,SPECIES,Fabaceae,Entada africana,100,EXACT
Fabaceae,Entada ,Entada wahlbergii ,Harv.,Entada wahlbergii Harv.,SPECIES,Fabaceae,Entada wahlbergii,99,EXACT
Fabaceae,Eriosema,Eriosema pulcherrimum ,Taub.,Eriosema pulcherrimum Taub.,SPECIES,Fabaceae,Eriosema pulcherrimum,100,EXACT
Fabaceae,Eriosema,Eriosema andohii ,Milne-Redh.,Eriosema andohii Milne-Redh.,SPECIES,Fabaceae,Eriosema andohii,100,EXACT
Fabaceae,Eriosema,Eriosema chrysadenium ,Taub.,Eriosema chrysadenium Taub.,SPECIES,Fabaceae,Eriosema chrysadenium,100,EXACT
Fabaceae,Eriosema,Eriosema glomeratum ,(Guill. & Perr.) Hook.f.,Eriosema glomeratum (Guill. & Perr.) Hook.f.,SPECIES,Fabaceae,Eriosema glomeratum,100,EXACT
Fabaceae,Eriosema,Eriosema griseum ,Bak.,Eriosema griseum Baker,SPECIES,Fabaceae,Eriosema griseum,100,EXACT
Fabaceae,Eriosema,Eriosema molle ,Hutch. ex Milne-Redhead,Eriosema molle Milne-Redh.,SPECIES,Fabaceae,Eriosema molle,100,EXACT
Fabaceae,Eriosema,Eriosema monticolum ,Taub.,Eriosema monticolum Taub.,SPECIES,Fabaceae,Eriosema monticolum,99,EXACT
Fabaceae,Eriosema,Eriosema parviflorum ,E.Mey. subsp. parviflorum,Eriosema parviflorum E.Mey.,SPECIES,Fabaceae,Eriosema parviflorum,100,EXACT
Fabaceae,Eriosema,Eriosema psoraleoides ,(Lam.) G.Don,Eriosema psoraleoides (Lam.) G.Don,SPECIES,Fabaceae,Eriosema psoraleoides,100,EXACT
Fabaceae,Erythrina,Erythrina indica ,Lam.,Erythrina indica sensu R.Vig.,SPECIES,Fabaceae,Erythrina indica,100,EXACT
Fabaceae,Erythrina,Erythrina sigmoida ,Hua.,Erythrina sigmoidea Hua,SPECIES,Fabaceae,Erythrina sigmoidea,95,FUZZY
Fabaceae,Erythrina,Erythrina senegalensis ,A. DC.,Erythrina senegalensis DC.,SPECIES,Fabaceae,Erythrina senegalensis,100,EXACT
Fabaceae,Erythrophleum ,Erythrophleum suaveolens ,(Guill. & Perr.) Brenan,Erythrophleum suaveolens (Guill. & Perr.) Brenan,SPECIES,Fabaceae,Erythrophleum suaveolens,100,EXACT
Fabaceae,Flemingia,Flemingia macrophylla ,(Willd.) Merr,Flemingia macrophylla (Willd.) Merr.,SPECIES,Fabaceae,Flemingia macrophylla,100,EXACT
Fabaceae,Flemingia,Flemingia faginea ,(Guill. & Perr.) Bak.,Flemingia faginea (Guill. & Perr.) Baker,SPECIES,Fabaceae,Flemingia faginea,100,EXACT
Fabaceae,Galactia,Galactia tenuiflora, (Willd.) Wight & Arn.,Galactia tenuiflora (Willd.) Wight & Arn.,SPECIES,Fabaceae,Galactia tenuiflora,100,EXACT
Fabaceae,Gliricidia,Gliricidia sepium ,(Jacq.) Walp.,Gliricidia sepium (Jacq.) Walp.,SPECIES,Fabaceae,Gliricidia sepium,100,EXACT
Fabaceae,Glycine,Glycine wightii (Wight & Arn.) Verdc. subsp. pseudojavanica ,(Taub.) Verdc.,Glycine wightii (Wight & Arn.) Verdc.,SPECIES,Fabaceae,Glycine wightii,99,EXACT
Fabaceae,Glycine ,Glycine hispida ,Maxime,Glycine hispida (Moench) Maxim.,SPECIES,Fabaceae,Glycine hispida,100,EXACT
Fabaceae,Griffonia,Griffonia simplicifolia ,Vahl ex DC.,Griffonia simplicifolia (DC.) Baill.,SPECIES,Fabaceae,Griffonia simplicifolia,100,EXACT
Fabaceae,Hymenaea ,Hymenaea courbaril ,L.,Hymenaea courbaril L.,SPECIES,Fabaceae,Hymenaea courbaril,99,EXACT
Fabaceae,Hymenostegia,Hymenostegia afzelii ,(Oliv.) Harms,Hymenostegia afzelii (Oliv.) Harms,SPECIES,Fabaceae,Hymenostegia afzelii,100,EXACT
Fabaceae,Indigofera,Indigofera diphylla ,Vent.,Indigofera diphylla Vent.,SPECIES,Fabaceae,Indigofera diphylla,100,EXACT
Fabaceae,Indigofera,Indigofera fulvopilosa ,Brenan,Indigofera fulvopilosa Brenan,SPECIES,Fabaceae,Indigofera fulvopilosa,100,EXACT
Fabaceae,Indigofera,Indigofera oblongifolia,Forssk.,Indigofera oblongifolia Forssk.,SPECIES,Fabaceae,Indigofera oblongifolia,100,EXACT
Fabaceae,Indigofera,Indigofera pilosa ,Poir,Indigofera pilosa Poir.,SPECIES,Fabaceae,Indigofera pilosa,100,EXACT
Fabaceae,Indigofera ,Indigofera bracteolata ,DC.,Indigofera bracteolata DC.,SPECIES,Fabaceae,Indigofera bracteolata,99,EXACT
Fabaceae,Indigofera ,Indigofera capitata ,Kotschy,Indigofera capitata Kotschy,SPECIES,Fabaceae,Indigofera capitata,100,EXACT
Fabaceae,Indigofera ,Indigofera colutea,(Burm.f.) Merr.,Indigofera colutea (Burm. f.) Merr.,SPECIES,Fabaceae,Indigofera colutea,100,EXACT
Fabaceae,Indigofera ,Indigofera congolensis,De Wild. & T. Durand,Indigofera congolensis De Wild. & T.Durand,SPECIES,Fabaceae,Indigofera congolensis,100,EXACT
Fabaceae,Indigofera ,Indigofera conjugata ,Bak.,Indigofera conjugata Baker,SPECIES,Fabaceae,Indigofera conjugata,100,EXACT
Fabaceae,Indigofera ,Indigofera dendroides ,Jacq.,Indigofera dendroides Jacq.,SPECIES,Fabaceae,Indigofera dendroides,100,EXACT
Fabaceae,Indigofera ,Indigofera garckeana ,Vatke,Indigofera garckeana Vatke,SPECIES,Fabaceae,Indigofera garckeana,100,EXACT
Fabaceae,Indigofera ,Indigofera geminata ,Bak.,Indigofera geminata Baker,SPECIES,Fabaceae,Indigofera geminata,100,EXACT
Fabaceae,Indigofera ,Indigofera heudelotii ,Benth. ex Baker,Indigofera heudelotii Baker,SPECIES,Fabaceae,Indigofera heudelotii,100,EXACT
Fabaceae,Indigofera ,Indigofera hirsuta ,L.,Indigofera hirsuta L.,SPECIES,Fabaceae,Indigofera hirsuta,100,EXACT
Fabaceae,Indigofera ,Indigofera kerstingii ,Harms,Indigofera kerstingii Harms,SPECIES,Fabaceae,Indigofera kerstingii,100,EXACT
Fabaceae,Indigofera ,Indigofera leprieurii ,Bak. f.,Indigofera leprieurii Baker f.,SPECIES,Fabaceae,Indigofera leprieurii,100,EXACT
Fabaceae,Indigofera ,Indigofera macrophylla ,Schum.,Indigofera macrophylla Schum. & Thonn.,SPECIES,Fabaceae,Indigofera macrophylla,100,EXACT
Fabaceae,Indigofera ,Indigofera nigritana ,Hook. f.,Indigofera nigritana Hook.f.,SPECIES,Fabaceae,Indigofera nigritana,100,EXACT
Fabaceae,Indigofera ,Indigofera nummulariifolia ,(L.) Livera ex Alston,Indigofera nummulariifolia (L.) Alston,SPECIES,Fabaceae,Indigofera nummulariifolia,100,EXACT
Fabaceae,Indigofera ,Indigofera omissa ,J.B.Gillet,Indigofera omissa J.B.Gillett,SPECIES,Fabaceae,Indigofera omissa,100,EXACT
Fabaceae,Indigofera ,Indigofera paniculata ,Vahl,Indigofera paniculata Pers.,SPECIES,Fabaceae,Indigofera paniculata,100,EXACT
Fabaceae,Indigofera ,Indigofera polysphaera ,Bak.,Indigofera polysphaera Baker,SPECIES,Fabaceae,Indigofera polysphaera,100,EXACT
Fabaceae,Indigofera ,Indigofera pulchra ,Willd.,Indigofera pulchra Willd.,SPECIES,Fabaceae,Indigofera pulchra,100,EXACT
Fabaceae,Indigofera ,Indigofera rhynchocarpa ,Welw.,Indigofera rhynchocarpa Baker,SPECIES,Fabaceae,Indigofera rhynchocarpa,100,EXACT
Fabaceae,Indigofera ,Indigofera secundiflora ,Poir.,Indigofera secundiflora Poir.,SPECIES,Fabaceae,Indigofera secundiflora,100,EXACT
Fabaceae,Indigofera ,Indigofera simplicifolia ,Guill. & Perr.,Indigofera simplicifolia Lam.,SPECIES,Fabaceae,Indigofera simplicifolia,100,EXACT
Fabaceae,Indigofera ,Indigofera spicata Forssk. var. brevicarpa ,Gillett (var. nov. ined.),Indigofera spicata Forssk.,SPECIES,Fabaceae,Indigofera spicata,100,EXACT
Fabaceae,Indigofera ,Indigofera tetrasperma ,Vahl ex Pers.,Indigofera tetrasperma Pers.,SPECIES,Fabaceae,Indigofera tetrasperma,100,EXACT
Fabaceae,Indigofera ,Indigofera tinctoria ,L.,Indigofera tinctoria L.,SPECIES,Fabaceae,Indigofera tinctoria,100,EXACT
Fabaceae,Indigofera ,Indigofera trialata ,A. Chev.,Indigofera trialata A.Chev.,SPECIES,Fabaceae,Indigofera trialata,100,EXACT
Fabaceae,Indigofera ,Indigofera trita L.f. var. subulata ,(Poir.) Ali,Indigofera trita L.f.,SPECIES,Fabaceae,Indigofera trita,100,EXACT
Fabaceae,Isoberlinia ,Isoberlinia doka ,Craib & Stapf,Isoberlinia doka Craib & Stapf,SPECIES,Fabaceae,Isoberlinia doka,100,EXACT
Fabaceae,Isoberlinia ,Isoberlinia tomentosa ,(Harms) Craib & Stapf,Isoberlinia tomentosa (Harms) Craib & Stapf,SPECIES,Fabaceae,Isoberlinia tomentosa,100,EXACT
Fabaceae,Kotschya ,Kotschya ochreata ,(Taub.) Dewit & Duvign.,Kotschya ochreata (Taub.) Dewit & P.A.Duvign.,SPECIES,Fabaceae,Kotschya ochreata,100,EXACT
Fabaceae,Lablab ,Lablab niger ,L.W.Medicus,Lablab niger Medik.,SPECIES,Fabaceae,Lablab niger,100,EXACT
Fabaceae,Leptoderris,Leptoderris fasciculata,(Benth.) Dunn,Leptoderris fasciculata (Benth.) Dunn,SPECIES,Fabaceae,Leptoderris fasciculata,100,EXACT
Fabaceae,Leptoderris,Leptoderris brachyptera ,(Benth.) Dunn,Leptoderris brachyptera (Benth.) Dunn,SPECIES,Fabaceae,Leptoderris brachyptera,100,EXACT
Fabaceae,Leucaena,Leucaena glauca ,sensu Keay,Leucaena glauca Benth.,SPECIES,Fabaceae,Leucaena glauca,100,EXACT
Fabaceae,Lonchocarpus,Lonchocarpus cyanescens ,(Schum. & Thonn.) Benth.,Lonchocarpus cyanescens (Schum. & Thonn.) Benth.,SPECIES,Fabaceae,Lonchocarpus cyanescens,100,EXACT
Fabaceae,Lonchocarpus,Lonchocarpus laxiflorus ,Guill. & Perr.,Lonchocarpus laxiflorus Guill. & Perr.,SPECIES,Fabaceae,Lonchocarpus laxiflorus,100,EXACT
Fabaceae,Lonchocarpus,Lonchocarpus sericeus ,(Poir.) Kunth,Lonchocarpus sericeus (Poir.) DC.,SPECIES,Fabaceae,Lonchocarpus sericeus,100,EXACT
Fabaceae,Macrotyloma ,Macrotyloma axillare ,(E.Mey) Verdc.,Macrotyloma axillare (E.Mey.) Verdc.,SPECIES,Fabaceae,Macrotyloma axillare,100,EXACT
Fabaceae,Macrotyloma ,Macrotyloma geocarpum ,(Harms) Maréchal & Baudet,Macrotyloma geocarpum (Harms) Marechal & Baudet,SPECIES,Fabaceae,Macrotyloma geocarpum,100,EXACT
Fabaceae,Macrotyloma ,Macrotyloma tenuiflorum ,(Micheli) Verdc.,Macrotyloma tenuiflorum (Micheli) Verdc.,SPECIES,Fabaceae,Macrotyloma tenuiflorum,100,EXACT
Fabaceae,Melliniella ,Melliniella micrantha ,Harms,Melliniella micrantha Harms,SPECIES,Fabaceae,Melliniella micrantha,100,EXACT
Fabaceae,Millettia,Millettia barteri ,(Benth.) Dunn,Millettia barteri (Benth.) Dunn,SPECIES,Fabaceae,Millettia barteri,100,EXACT
Fabaceae,Millettia,Millettia chrysophylla Dunn,Dunn,Millettia chrysophylla Dunn,SPECIES,Fabaceae,Millettia chrysophylla,100,EXACT
Fabaceae,Millettia,Millettia warneckei ,Harms,Millettia warneckei Harms,SPECIES,Fabaceae,Millettia warneckei,100,EXACT
Fabaceae,Millettia,Millettia zechiana ,Harms,Millettia zechiana Harms,SPECIES,Fabaceae,Millettia zechiana,100,EXACT
Fabaceae,Mimosa,Mimosa pudica ,L.,Mimosa pudica L.,SPECIES,Fabaceae,Mimosa pudica,100,EXACT
Fabaceae,Mimosa,Mimosa invisa ,Mart.,Mimosa invisa Colla,SPECIES,Fabaceae,Mimosa invisa,100,EXACT
Fabaceae,Mimosa,Mimosa invisa Mart. ex Colla var. inermis ,Adelb.,Mimosa invisa Colla,SPECIES,Fabaceae,Mimosa invisa,100,EXACT
Fabaceae,Mimosa,Mimosa pigra ,L.,Mimosa pigra L.,SPECIES,Fabaceae,Mimosa pigra,100,EXACT
Fabaceae,Mucuna,Mucuna poggei ,Taub.,Mucuna poggei Taub.,SPECIES,Fabaceae,Mucuna poggei,100,EXACT
Fabaceae,Mucuna,Mucuna poggei Taub. var. occidentalis ,Hepper,Mucuna poggei Taub.,SPECIES,Fabaceae,Mucuna poggei,100,EXACT
Fabaceae,Mucuna,Mucuna pruriens (L.) DC. var. pruriens,,Mucuna pruriens (L.) DC.,SPECIES,Fabaceae,Mucuna pruriens,100,EXACT
Fabaceae,Neptunia ,Neptunia oleracea ,Lam.,Neptunia oleracea Lour.,SPECIES,Fabaceae,Neptunia oleracea,100,EXACT
Fabaceae,Ophrestia,Ophrestia hedysaroides ,(Willd.) Verdc.,Ophrestia hedysaroides (Willd.) Verdc.,SPECIES,Fabaceae,Ophrestia hedysaroides,100,EXACT
Fabaceae,Ormocarpum ,Ormocarpum bibracteatum ,(Hochst. ex. A.Rich.) Bak.,Ormocarpum bibracteatum sensu auct.,SPECIES,Fabaceae,Ormocarpum bibracteatum,100,EXACT
Fabaceae,Ormocarpum ,Ormocarpum sennoides ,(Willd.) DC.,Ormocarpum sennoides (Willd.) DC.,SPECIES,Fabaceae,Ormocarpum sennoides,100,EXACT
Fabaceae,Ormocarpum ,Ormocarpum sennoides (Willd.) DC. subsp. hispidum ,(Willd.) Brenan & J.Léonard,Ormocarpum sennoides (Willd.) DC.,SPECIES,Fabaceae,Ormocarpum sennoides,100,EXACT
Fabaceae,Parkia,Parkia clappertoniana ,Keay,Parkia clappertoniana Keay,SPECIES,Fabaceae,Parkia clappertoniana,100,EXACT
Fabaceae,Parkia,Parkia filicoidea ,Welw. ex Oliv.,Parkia filicoidea Oliv.,SPECIES,Fabaceae,Parkia filicoidea,100,EXACT
Fabaceae,Parkinsonia,Parkinsonia aculeata ,L.,Parkinsonia aculeata L.,SPECIES,Fabaceae,Parkinsonia aculeata,100,EXACT
Fabaceae,Peltophorum,Peltophorum ferrugineum ,(Decne.) Benth.,Peltophorum ferrugineum (Decne.) Benth.,SPECIES,Fabaceae,Peltophorum ferrugineum,100,EXACT
Fabaceae,Pentaclethra,Pentaclethra macrophylla ,Benth.,Pentaclethra macrophylla Benth.,SPECIES,Fabaceae,Pentaclethra macrophylla,100,EXACT
Fabaceae,Pericopsis,Pericopsis laxiflora ,(Benth.) Meeuwen,Pericopsis laxiflora (Baker) Meeuwen,SPECIES,Fabaceae,Pericopsis laxiflora,100,EXACT
Fabaceae,Phaseolus,Phaseolus adenanthus ,G.Mey.,Phaseolus adenanthus G.Mey.,SPECIES,Fabaceae,Phaseolus adenanthus,100,EXACT
Fabaceae,Phaseolus,Phaseolus lunatus ,L.,Phaseolus lunatus L.,SPECIES,Fabaceae,Phaseolus lunatus,100,EXACT
Fabaceae,Piliostigma,Piliostigma reticulatum ,(DC) Hochst.,Piliostigma reticulatum (DC.) Hochst.,SPECIES,Fabaceae,Piliostigma reticulatum,100,EXACT
Fabaceae,Piliostigma,Piliostigma thonningii ,(Schum.) Milne-Redh.,Piliostigma thonningii (Schum.) Milne-Redh.,SPECIES,Fabaceae,Piliostigma thonningii,100,EXACT
Fabaceae,Piptadeniastrum,Piptadeniastrum africanum ,(Hook. f.) Brenan,Piptadeniastrum africanum (Hook.f.) Brenan,SPECIES,Fabaceae,Piptadeniastrum africanum,100,EXACT
Fabaceae,Pithecellobium ,Pithecellobium dulce ,Benth.,Pithecellobium dulce (Roxb.) Benth.,SPECIES,Fabaceae,Pithecellobium dulce,100,EXACT
Fabaceae,Prosopis,Prosopis juliflora ,DC.,Prosopis juliflora (Sw.) DC.,SPECIES,Fabaceae,Prosopis juliflora,100,EXACT
Fabaceae,Prosopis ,Prosopis africana ,(Guill. & Perr.) Taub.,Prosopis africana (Guill. & Perr.) Taub.,SPECIES,Fabaceae,Prosopis africana,100,EXACT
Fabaceae,Pseudarthria,Pseudarthria confertiflora ,(A. Rich.) Bak.,Pseudarthria confertiflora (A.Rich.) Baker,SPECIES,Fabaceae,Pseudarthria confertiflora,100,EXACT
Fabaceae,Pseudarthria,Pseudarthria hookeri ,Wight & Arn.,Pseudarthria hookeri Wight & Arn.,SPECIES,Fabaceae,Pseudarthria hookeri,100,EXACT
Fabaceae,Pseudoeriosema,Pseudoeriosema andongense ,(Welw. ex Baker) Hauman,Pseudoeriosema andongense (Baker) Hauman,SPECIES,Fabaceae,Pseudoeriosema andongense,100,EXACT
Fabaceae,Pseudovigna,Pseudovigna argentea ,(Willd.) Verdc.,Pseudovigna argentea (Willd.) Verdc.,SPECIES,Fabaceae,Pseudovigna argentea,100,EXACT
Fabaceae,Pseudovigna,Pseudovigna puerarioides ,Ern,Pseudovigna puerarioides Ern,SPECIES,Fabaceae,Pseudovigna puerarioides,100,EXACT
Fabaceae,Psophocarpus,Psophocarpus palustris ,Desv.,Psophocarpus palustris Desv.,SPECIES,Fabaceae,Psophocarpus palustris,100,EXACT
Fabaceae,Pterocarpus,Pterocarpus lucens,Lepr. ex Guill. & Perrott.,Pterocarpus lucens Guill. & Perr.,SPECIES,Fabaceae,Pterocarpus lucens,100,EXACT
Fabaceae,Pterocarpus ,Pterocarpus erinaceus ,Poir.,Pterocarpus erinaceus Poir.,SPECIES,Fabaceae,Pterocarpus erinaceus,100,EXACT
Fabaceae,Pterocarpus ,Pterocarpus mildbraedii ,Harms,Pterocarpus mildbraedii Harms,SPECIES,Fabaceae,Pterocarpus mildbraedii,100,EXACT
Fabaceae,Pterocarpus ,Pterocarpus santalinoides ,L'Hér. ex DC.,Pterocarpus santalinoides DC.,SPECIES,Fabaceae,Pterocarpus santalinoides,100,EXACT
Fabaceae,Pueraria,Pueraria phaseoloides ,(Roxb.) Benth.,Pueraria phaseoloides (Roxb.) Benth.,SPECIES,Fabaceae,Pueraria phaseoloides,100,EXACT
Fabaceae,Rhynchosia,Rhynchosia violacea ,(Hiern) K.Schum,Rhynchosia violacea (Aubl.) DC.,SPECIES,Fabaceae,Rhynchosia violacea,100,EXACT
Fabaceae,Rhynchosia,Rhynchosia buettneri ,Harms,Rhynchosia buettneri Harms,SPECIES,Fabaceae,Rhynchosia buettneri,100,EXACT
Fabaceae,Rhynchosia,Rhynchosia densiflora (Roth) DC. subsp. debilis ,(G. Don) Verdc.,Rhynchosia densiflora (Roth) DC.,SPECIES,Fabaceae,Rhynchosia densiflora,100,EXACT
Fabaceae,Rhynchosia,Rhynchosia densiflora., (Roth.) DC,Rhynchosia densiflora (Roth) DC.,SPECIES,Fabaceae,Rhynchosia densiflora,100,EXACT
Fabaceae,Rhynchosia,Rhynchosia hirta ,(Andr.) Meikle & Verdc.,Rhynchosia hirta (Andrews) Meikle & Verdc.,SPECIES,Fabaceae,Rhynchosia hirta,100,EXACT
Fabaceae,Rhynchosia,Rhynchosia minima (L.) DC. var. prostrata ,(Harv.) Meikle,Rhynchosia minima (L.) DC.,SPECIES,Fabaceae,Rhynchosia minima,100,EXACT
Fabaceae,Rhynchosia,Rhynchosia nyasica ,Bak.,Rhynchosia nyasica Baker,SPECIES,Fabaceae,Rhynchosia nyasica,100,EXACT
Fabaceae,Rhynchosia,Rhynchosia pycnostachya ,(DC.) Meikle,Rhynchosia pycnostachya (DC.) Meikle,SPECIES,Fabaceae,Rhynchosia pycnostachya,100,EXACT
Fabaceae,Rhynchosia,Rhynchosia sublobata ,(Schum. & Thonn.) Meikle,Rhynchosia sublobata (Schum.) Meikle,SPECIES,Fabaceae,Rhynchosia sublobata,100,EXACT
Fabaceae,Rhynchosia,Rhynchosia viscosa (Roth) DC. subsp. violacea ,(Hiern) Verdc.,Rhynchosia viscosa (Roth) DC.,SPECIES,Fabaceae,Rhynchosia viscosa,100,EXACT
Fabaceae,Samanea ,Samanea saman ,(Jacq.) Merrill,Samanea saman (Jacq.) Merr.,SPECIES,Asteraceae,Samanea saman,100,EXACT
Fabaceae,Schrankia,Schrankia leptocarpa, DC.,Schrankia leptocarpa DC.,SPECIES,Fabaceae,Schrankia leptocarpa,100,EXACT
Fabaceae,Senna ,Senna hirsuta, (L.) Irwin & Barneby,Senna hirsuta (L.) H.S.Irwin & Barneby,SPECIES,Fabaceae,Senna hirsuta,100,EXACT
Fabaceae,Senna ,Senna obtusifolia , (L.) Irwin & Barneby,Senna obtusifolia (L.) H.S.Irwin & Barneby,SPECIES,Fabaceae,Senna obtusifolia,100,EXACT
Fabaceae,Senna ,Senna occidentalis ,(L.) Link,Senna occidentalis (L.) Link,SPECIES,Fabaceae,Senna occidentalis,100,EXACT
Fabaceae,Senna ,Senna siamea ,(Lam.) Irwin & Barneby,Senna siamea (Lam.) H.S.Irwin & Barneby,SPECIES,Fabaceae,Senna siamea,100,EXACT
Fabaceae,Sesbania ,Sesbania pachycarpa ,DC.,Sesbania pachycarpa DC.,SPECIES,Fabaceae,Sesbania pachycarpa,100,EXACT
Fabaceae,Sesbania ,Sesbania sericea ,(Willd.) Link,Sesbania sericea (Willd.) Link,SPECIES,Fabaceae,Sesbania sericea,100,EXACT
Fabaceae,Sesbania ,Sesbania sesban (L.) Merrill subsp. punctata ,(DC.) Gillett,Sesbania sesban (L.) Merr.,SPECIES,Fabaceae,Sesbania sesban,100,EXACT
Fabaceae,Sesbania ,Sesbania sudanica Gillett subsp. occidentalis ,Gillett,Sesbania sudanica J.B.Gillett,SPECIES,Fabaceae,Sesbania sudanica,100,EXACT
Fabaceae,Sophora,Sophora occidentalis ,L.,Sophora occidentalis sensu R.O.Williams,SPECIES,Fabaceae,Sophora occidentalis,100,EXACT
Fabaceae,Sphenostylis,Sphenostylis stenocarpa,(Hochst ex A.Rich)Harms,Sphenostylis stenocarpa (A.Rich.) Harms,SPECIES,Fabaceae,Sphenostylis stenocarpa,100,EXACT
Fabaceae,Sphenostylis ,Sphenostylis holosericea ,(Welw. ex Baker) Harms,Sphenostylis holosericea (Baker) Harms,SPECIES,Fabaceae,Sphenostylis holosericea,100,EXACT
Fabaceae,Sphenostylis ,Sphenostylis schweinfurthii ,Harms,Sphenostylis schweinfurthii Harms,SPECIES,Fabaceae,Sphenostylis schweinfurthii,100,EXACT
Fabaceae,Stylosanthes,Stylosanthes erecta ,P.Beauv.,Stylosanthes erecta P.Beauv.,SPECIES,Fabaceae,Stylosanthes erecta,100,EXACT
Fabaceae,Stylosanthes,Stylosanthes fruticosa ,(Retz.) Alston,Stylosanthes fruticosa (Retz.) Alston,SPECIES,Fabaceae,Stylosanthes fruticosa,100,EXACT
Fabaceae,Stylosanthes,Stylosanthes guianensis ,(Aubl.) Sw.,Stylosanthes guianensis (Aubl.) Sw.,SPECIES,Fabaceae,Stylosanthes guianensis,100,EXACT
Fabaceae,Swartzia,Swartzia madagascariensis ,Desv.,Swartzia madagascariensis Desv.,SPECIES,Fabaceae,Swartzia madagascariensis,100,EXACT
Fabaceae,Tamarindus ,Tamarindus indica ,L.,Tamarindus indica L.,SPECIES,Fabaceae,Tamarindus indica,100,EXACT
Fabaceae,Tephrosia,Tephrosia bracteolata ,Guill. & Perr.,Tephrosia bracteolata Guill. & Perr.,SPECIES,Fabaceae,Tephrosia bracteolata,100,EXACT
Fabaceae,Tephrosia,Tephrosia elegans ,Schum.,Tephrosia elegans Schum.,SPECIES,Fabaceae,Tephrosia elegans,100,EXACT
Fabaceae,Tephrosia,Tephrosia flexuosa ,G. Don,Tephrosia flexuosa G.Don,SPECIES,Fabaceae,Tephrosia flexuosa,100,EXACT
Fabaceae,Tephrosia,Tephrosia mossiensis ,A. Chev.,Tephrosia mossiensis A.Chev.,SPECIES,Fabaceae,Tephrosia mossiensis,100,EXACT
Fabaceae,Tephrosia,Tephrosia nana ,Kotschy ex Schweinf.,Tephrosia nana Schweinf.,SPECIES,Fabaceae,Tephrosia nana,100,EXACT
Fabaceae,Tephrosia,Tephrosia pedicellata ,Baker,Tephrosia pedicellata Baker,SPECIES,Fabaceae,Tephrosia pedicellata,100,EXACT
Fabaceae,Tephrosia,Tephrosia pumila ,(Lam.) Pers.,Tephrosia pumila (Lam.) Pers.,SPECIES,Fabaceae,Tephrosia pumila,100,EXACT
Fabaceae,Tephrosia,Tephrosia purpurea ,(L.) Pers.,Tephrosia purpurea (L.) Pers.,SPECIES,Fabaceae,Tephrosia purpurea,100,EXACT
Fabaceae,Tephrosia ,Tephrosia linearis ,(Willd.)Pers.,Tephrosia linearis (Willd.) Pers.,SPECIES,Fabaceae,Tephrosia linearis,100,EXACT
Fabaceae,Tephrosia ,Tephrosia villosa,(L.) Pers.,Tephrosia villosa (L.) Pers.,SPECIES,Fabaceae,Tephrosia villosa,100,EXACT
Fabaceae,Teramnus ,Teramnus andongensis ,(Welw. ex Baker) Bak. f.,Teramnus andongensis (Baker) Baker f.,SPECIES,Fabaceae,Teramnus andongensis,100,EXACT
Fabaceae,Teramnus ,Teramnus buettneri ,(Harms) Bak. f.,Teramnus buettneri (Harms) Baker f.,SPECIES,Fabaceae,Teramnus buettneri,100,EXACT
Fabaceae,Teramnus ,Teramnus labialis ,(L.f.) Spreng.,Teramnus labialis (L.f.) Spreng.,SPECIES,Fabaceae,Teramnus labialis,100,EXACT
Fabaceae,Teramnus ,Teramnus micans ,(Welw. ex Baker) Baker f.,Teramnus micans (Baker) Baker f.,SPECIES,Fabaceae,Teramnus micans,100,EXACT
Fabaceae,Tetrapleura ,Tetrapleura tetraptera ,(Schum.& Thonn.) Taub.,Tetrapleura tetraptera (Schum. & Thonn.) Taub.,SPECIES,Fabaceae,Tetrapleura tetraptera,100,EXACT
Fabaceae,Uraria ,Uraria picta ,(Jacq.) DC.,Uraria picta (Jacq.) DC.,SPECIES,Fabaceae,Uraria picta,100,EXACT
Fabaceae,Vigna,Vigna filicaulis,Hepper,Vigna filicaulis Hepper,SPECIES,Fabaceae,Vigna filicaulis,100,EXACT
Fabaceae,Vigna ,Vigna ambacensis ,Welw. ex Baker,Vigna ambacensis Baker,SPECIES,Fabaceae,Vigna ambacensis,100,EXACT
Fabaceae,Vigna ,Vigna desmodioides, Wilczek,Vigna desmodioides R.Wilczek,SPECIES,Fabaceae,Vigna desmodioides,100,EXACT
Fabaceae,Vigna ,Vigna marina ,(Burm.) Merr.,Vigna marina (Burm.) Merr.,SPECIES,Fabaceae,Vigna marina,100,EXACT
Fabaceae,Vigna ,Vigna multinervis ,Hutch. & Dalziel,Vigna multinervis Hutch. & Dalziel,SPECIES,Fabaceae,Vigna multinervis,100,EXACT
Fabaceae,Vigna ,Vigna racemosa ,(G. Don) Hutch. & Dalziel,Vigna racemosa (G.Don) Hutch. & Dalziel,SPECIES,Fabaceae,Vigna racemosa,100,EXACT
Fabaceae,Vigna ,Vigna reticulata ,Hook.f.,Vigna reticulata Hook.f.,SPECIES,Fabaceae,Vigna reticulata,100,EXACT
Fabaceae,Vigna ,Vigna sinensis (L.) Endl. var. textilis,A. Chev.,Vigna sinensis (L.) Savi ex Hausskn.,SPECIES,Fabaceae,Vigna sinensis,100,EXACT
Fabaceae,Vigna ,Vigna subterranea, (L.) Verdc.,Vigna subterranea (L.) Verdc.,SPECIES,Fabaceae,Vigna subterranea,100,EXACT
Fabaceae,Vigna ,Vigna unguiculata (L.) Walp. subsp. dekindtiana ,(Harms) Verdc.,Vigna unguiculata (L.) Walp.,SPECIES,Fabaceae,Vigna unguiculata,100,EXACT
Fabaceae,Vigna ,Vigna unguiculata (L.) Walp. subsp. unguiculata,,Vigna unguiculata (L.) Walp.,SPECIES,Fabaceae,Vigna unguiculata,100,EXACT
Fabaceae,Vigna ,Vigna vexillata (L.) A. Rich. var. vexillata,,Vigna vexillata (L.) A.Rich.,SPECIES,Fabaceae,Vigna vexillata,100,EXACT
Fabaceae,Xeroderris,Xeroderris stuhlmannii ,(Taub.) Mendoça & E.P. Sousa,Xeroderris stuhlmannii (Taub.) Mendonca & Sousa,SPECIES,Fabaceae,Xeroderris stuhlmannii,100,EXACT
Fabaceae,Zornia,Zornia durumuensis ,De Wild.,Zornia durumuensis De Wild.,SPECIES,Fabaceae,Zornia durumuensis,100,EXACT
Fabaceae,Zornia,Zornia glochidiata ,Reichb. ex DC.,Zornia glochidiata DC.,SPECIES,Fabaceae,Zornia glochidiata,100,EXACT
Fabaceae,Zornia,Zornia latifolia ,Sm.,Zornia latifolia Sm.,SPECIES,Fabaceae,Zornia latifolia,100,EXACT
